Store,Listed By,Date,Flavor,Is Season Flavor,Quantity
Powers Inc,Chad Beck,2022-11-11,Mint,Yes,6
Leblanc-Bean,Amy Fields,2023-01-13,Lemon,No,17
"Lee, Bryan and Myers",Kristi Anderson,2021-04-09,Chocolate,No,46
"Hall, Jones and Bradford",Kyle Wolf,2021-12-18,Coconut,Yes,23
Church and Sons,Dr. Jennifer Hamilton,2020-07-26,Lemon,No,79
"Roman, Blackwell and Faulkner",Melissa Thompson,2020-10-23,Chocolate,Yes,74
Lewis PLC,Samantha Hill,2021-02-16,Vanilla,Yes,100
Smith Ltd,Cody Compton,2020-05-07,Strawberry,No,26
Smith Group,Gregory Mahoney,2020-12-24,Lemon,Yes,12
"Brown, Ware and Rodriguez",Zachary Bennett,2021-06-18,Lemon,No,24
"Pennington, Ryan and Hunt",Cameron Howard,2020-08-17,Coconut,No,60
"Gilbert, Smith and Jackson",Melanie Armstrong,2020-06-29,Vanilla,No,53
Clark Group,Christopher Knapp,2020-04-11,Vanilla,Yes,27
Anderson LLC,Michele Dixon,2023-01-22,Chocolate,No,47
Hudson PLC,Michelle Stewart,2021-07-01,Strawberry,Yes,19
Salazar-Rivers,Felicia Wagner,2021-10-10,Mint,Yes,50
"Guerrero, Roach and Hebert",Martha Dougherty,2022-11-25,Coconut,Yes,72
"Kane, Caldwell and Hunt",Chad Dawson,2022-12-10,Chocolate,Yes,20
Rivers and Sons,Tammy Pope,2021-03-15,Strawberry,No,58
Marshall-Davies,Taylor Bryant,2021-11-27,Lemon,Yes,68
Garcia PLC,Alexandra Glover,2023-02-12,Vanilla,No,62
"Kirk, Kim and May",Emily Howard,2023-06-17,Chocolate,No,9
Nichols PLC,Michael Smith,2020-11-19,Vanilla,Yes,67
Pratt LLC,Molly Roth,2023-06-28,Coconut,Yes,75
"Morris, Allen and Fry",Gabriella Reese,2021-11-12,Chocolate,No,26
"Kramer, Stevenson and Miller",Michael Perry,2021-08-22,Chocolate,Yes,9
Wallace-Bell,Corey Boyer,2024-03-12,Chocolate,Yes,94
Hurley Ltd,Kevin Steele,2023-07-15,Chocolate,No,38
Holloway Inc,Pamela Silva,2022-02-21,Mint,Yes,56
Wilson-Miller,Paula Weber,2022-03-09,Vanilla,No,22
Cox PLC,John Pratt,2023-11-12,Strawberry,Yes,94
Johnson Inc,Lauren Williams,2021-12-02,Mint,Yes,3
Knight Group,Jason Lawrence,2021-12-03,Vanilla,No,95
"Lutz, Nunez and Sherman",Ashley Rodriguez,2022-06-12,Chocolate,Yes,77
Miller LLC,Pam Hess,2023-10-02,Strawberry,No,76
Smith PLC,Donna Lane,2021-08-04,Mint,No,82
Frazier-Blackwell,Leah Powers,2023-09-02,Chocolate,Yes,34
Butler LLC,Christina Cowan,2021-10-27,Mint,Yes,54
Lee-Wall,Dr. Ashley Mcgee MD,2023-07-20,Vanilla,Yes,93
Kim Group,John Sampson,2023-12-07,Chocolate,Yes,36
Turner Ltd,Louis Jones,2021-03-21,Mint,Yes,26
Jackson and Sons,Kevin Meadows,2024-01-02,Mint,No,90
Mason LLC,Elijah Medina,2020-05-24,Vanilla,Yes,89
"Frazier, Hall and Larson",Lindsay Cook,2021-12-07,Chocolate,No,87
"Olson, Jackson and Holt",Sandra Russo,2023-01-20,Vanilla,No,46
Jenkins Group,Cheryl Henry,2023-11-11,Chocolate,Yes,36
"Gutierrez, Ramirez and Davis",Andrew Bass,2020-08-20,Strawberry,Yes,78
"Aguirre, Callahan and Welch",Anthony Bennett,2023-02-16,Lemon,Yes,79
"Carter, Day and Turner",Michael Petty,2021-10-23,Mint,Yes,95
Hines Ltd,Richard Pena,2020-10-30,Vanilla,No,98
Garza-Gardner,Christopher Hill,2023-08-17,Mint,No,94
Watkins Inc,Donna Gonzales,2022-05-18,Strawberry,Yes,71
Hall-Mendez,Bethany Myers,2022-09-27,Chocolate,No,39
Hanna-Woodard,Ronald Adams,2023-01-05,Mint,No,10
"Perez, Spencer and Robertson",Deborah Oliver,2020-01-19,Lemon,Yes,71
Huff Group,Janice Mason,2020-10-11,Mint,No,64
Williams LLC,Todd Ortega,2024-04-06,Strawberry,Yes,45
Martinez LLC,Luke Welch,2022-04-05,Strawberry,No,73
Dean-Adams,Steven Goodwin,2024-02-10,Coconut,No,66
Thomas-Brewer,Anthony Harvey,2022-05-02,Vanilla,Yes,47
Ingram Group,Jessica Escobar,2023-06-11,Vanilla,No,52
Stewart-Mendez,Samantha James,2020-10-21,Vanilla,No,9
"Calderon, Smith and Mosley",Veronica Holt,2023-04-27,Strawberry,No,31
Day-Coleman,Elizabeth Gould,2020-05-30,Strawberry,Yes,93
Ryan LLC,Ashley Poole DVM,2023-06-23,Vanilla,Yes,27
Wilkins-Hudson,Margaret Wells,2021-04-13,Lemon,Yes,65
"Price, Stuart and Fisher",Christopher Cortez,2024-04-01,Lemon,No,51
"Buck, Hayes and Mitchell",Rebecca Bradley,2020-06-03,Strawberry,No,96
Peters Inc,Lauren Dominguez,2020-06-22,Strawberry,No,38
Anderson-Nelson,Crystal Scott,2020-02-17,Mint,Yes,25
Hart LLC,Carlos Davis,2021-06-08,Vanilla,Yes,100
Wood and Sons,John Crawford,2022-10-06,Chocolate,Yes,99
King Ltd,Laura Barajas,2022-09-01,Vanilla,No,57
Robbins Ltd,Evan English,2023-11-24,Chocolate,Yes,33
"Singleton, Kramer and Heath",Sharon Estrada,2023-12-20,Chocolate,Yes,1
Lopez LLC,John Ferguson,2023-01-30,Coconut,No,37
Lucero-Barnes,David Ferguson,2024-03-31,Lemon,No,23
Higgins-Williams,Lisa Powell,2020-03-26,Coconut,No,12
"Ayala, Rosales and Watson",Brian Christian,2023-11-17,Chocolate,No,14
Arnold-Craig,Taylor Wise,2020-05-15,Strawberry,No,6
Smith-Carroll,Christina Horton,2024-04-02,Chocolate,No,54
Phillips and Sons,Lisa Cannon,2022-04-01,Mint,Yes,100
"Hurst, Gill and Jordan",Patrick Bates,2023-07-08,Vanilla,Yes,37
Mcdonald LLC,Joshua Torres,2022-02-17,Mint,Yes,34
Howard-Rodriguez,Thomas Smith,2023-08-05,Strawberry,Yes,18
Herrera-Smith,Adrian Miller,2021-12-30,Chocolate,Yes,30
Weber-Collins,Kelsey Johnson,2024-02-26,Mint,No,86
Ward-Matthews,Logan Mcneil,2021-06-27,Mint,Yes,57
Mendoza PLC,Amy Harris,2020-10-25,Strawberry,No,32
Mcdonald-Williams,Tom Parks DDS,2023-12-11,Chocolate,No,47
Whitaker Inc,Fred Sanchez,2021-02-12,Chocolate,No,10
Frederick Inc,Kevin Cook,2020-10-10,Mint,Yes,13
"Adkins, Cervantes and Taylor",Kimberly Jones,2023-01-23,Chocolate,No,47
Sanchez-Taylor,Jamie Terrell,2022-12-11,Strawberry,Yes,57
Jones Group,Tom Torres,2024-06-09,Chocolate,No,40
"King, Morton and Walker",Amber Cohen,2022-02-18,Lemon,No,49
"Simon, Morrow and Williams",Felicia Smith,2021-02-22,Coconut,Yes,1
"Love, Morrow and Davis",Ricky Robinson,2021-03-07,Coconut,No,72
Thomas-Morris,Katherine Herrera,2020-10-14,Vanilla,Yes,8
Wood Inc,Susan Miller,2023-11-16,Lemon,Yes,12
"Morales, Smith and Shelton",David Wolfe,2023-07-06,Lemon,No,38
"Brown, Hensley and Hoffman",James Valdez,2023-11-13,Strawberry,Yes,83
Cooper-King,Travis Zamora,2023-02-24,Mint,No,80
Walters-King,Rebecca Harris,2021-10-21,Strawberry,No,74
"Garcia, Brewer and Vaughn",Patricia Calderon,2022-03-15,Coconut,Yes,60
"Luna, Colon and Matthews",Mario Smith,2022-11-02,Chocolate,Yes,36
"Bowman, Miller and Farrell",Justin Daniel,2021-06-24,Mint,Yes,97
Meyers LLC,Keith Marshall,2020-04-07,Vanilla,Yes,53
"Adams, Levine and Ross",Cheyenne Wheeler,2024-02-14,Lemon,Yes,9
"Huber, Myers and Byrd",Paul Smith,2020-05-26,Coconut,No,88
Bates PLC,Lawrence Shaffer,2020-05-26,Lemon,Yes,47
Salinas-Myers,Ashley Marshall,2022-09-27,Vanilla,Yes,82
Hernandez Group,William Perez,2020-05-17,Chocolate,No,99
Tate-Beasley,Elizabeth Lucas,2024-01-22,Coconut,No,71
Alexander LLC,Carrie Gibson,2020-03-21,Chocolate,No,9
Baker Group,Ms. Laurie Holland,2022-12-22,Vanilla,No,69
Herrera-Powell,Paul Hubbard,2020-03-18,Vanilla,No,69
Hamilton LLC,Gary Harris,2021-09-19,Mint,No,38
Nelson Ltd,Douglas Gomez,2023-04-19,Strawberry,Yes,18
Walsh-Lawrence,Andrea Evans,2020-06-29,Coconut,No,11
Garcia-Reynolds,Roy Lewis,2023-04-06,Lemon,No,98
Hayes PLC,Anthony Lopez,2024-03-08,Vanilla,Yes,8
Stout-Smith,Gary Logan,2021-07-21,Coconut,Yes,50
Velez Ltd,Holly Hamilton,2023-04-30,Coconut,No,15
Rivera LLC,Alex Lamb,2023-09-07,Strawberry,No,88
Chambers Group,Erin Mejia,2024-03-17,Coconut,No,76
Johnson-Miller,Daniel Ortiz,2022-03-15,Chocolate,Yes,38
Wolfe Ltd,Jason Simpson,2021-07-30,Lemon,No,22
Adams Ltd,Lauren Foster,2024-03-24,Coconut,No,16
Smith-Miller,Amy Brandt,2020-12-08,Chocolate,Yes,79
Austin Ltd,Kyle Perez,2020-04-30,Vanilla,No,58
Price Ltd,Marissa Garza,2024-02-11,Chocolate,Yes,11
"Schroeder, Cohen and Gomez",Miss Julie Jimenez,2022-01-06,Strawberry,No,90
Barrett-Allen,Dennis Moore,2021-06-17,Mint,Yes,54
"Rosales, Herring and Rojas",Matthew Robinson,2020-01-09,Vanilla,No,53
Byrd-Kane,Stephen Sullivan,2023-05-07,Strawberry,Yes,15
"Alexander, Martinez and Rosales",Janice Nicholson,2020-03-31,Lemon,No,26
Pham PLC,Deanna Diaz MD,2020-01-25,Vanilla,No,93
"King, Berger and Day",Timothy Jones,2023-09-05,Mint,No,70
Fernandez Inc,Jeffrey Hays,2023-12-17,Chocolate,No,12
Foley-Barnes,Autumn Robinson,2024-04-21,Strawberry,No,1
Harris Inc,Leslie Bates,2023-09-28,Lemon,No,30
"Clarke, Peterson and Wright",Kathleen Kelly,2021-08-15,Vanilla,Yes,65
King Inc,Emily Andrews,2020-02-14,Lemon,Yes,75
Kennedy-Logan,John Williams,2024-06-17,Coconut,No,37
Hart-Howell,Wayne Butler,2020-07-13,Chocolate,No,93
Andrews Ltd,Sandra Robles,2022-06-24,Chocolate,Yes,63
Gillespie PLC,Larry Johnson,2023-12-16,Lemon,No,38
Thompson Ltd,Louis Salinas,2023-04-07,Lemon,Yes,44
Mata-Evans,Russell Hamilton,2022-11-21,Strawberry,Yes,16
Lopez Inc,Samuel Andrews,2022-03-21,Lemon,No,8
Chavez Group,William Brown,2023-05-09,Lemon,No,93
Rogers-Brown,Tiffany Kelly,2022-09-25,Coconut,No,95
Chandler Group,Theresa White,2023-07-18,Coconut,No,65
"Calderon, Valdez and Johnson",Michelle Ballard,2023-03-08,Strawberry,Yes,70
White PLC,Brian Liu,2022-04-29,Coconut,No,58
"Cole, Wang and Howard",Cynthia Baird,2022-02-03,Chocolate,Yes,33
Benson and Sons,Timothy Bennett,2021-04-03,Mint,No,21
Cox PLC,Lisa Harding,2020-08-31,Mint,Yes,15
Oliver LLC,Tammy Quinn,2020-11-21,Vanilla,No,1
Williams-Johns,Jennifer Frye,2020-11-02,Mint,Yes,34
Mccullough and Sons,Carol Rowe,2022-11-06,Chocolate,No,69
Morgan PLC,Nicole Cooper,2023-08-06,Chocolate,Yes,26
Clark and Sons,Amber Clark,2021-06-08,Strawberry,Yes,20
Hayes-Young,Eddie Jackson,2023-09-03,Strawberry,Yes,3
Munoz Ltd,Scott Simpson Jr.,2021-09-21,Chocolate,No,85
West-Berry,Andrea Drake,2022-04-24,Lemon,No,6
Elliott Inc,Diana Fernandez,2020-03-29,Strawberry,No,27
Farmer-Patterson,Scott Perez,2023-05-18,Mint,No,72
"Hall, Ramos and Price",Terry Short,2022-01-15,Coconut,Yes,76
"Walsh, Kemp and Moore",Lisa Rodriguez,2023-08-30,Mint,Yes,6
"Dominguez, Lawrence and Lee",Samantha Gallegos,2023-08-18,Strawberry,No,91
Hartman-Jenkins,Megan Dorsey,2023-05-14,Coconut,No,55
"Dean, Little and Porter",Samantha Black,2022-04-08,Mint,Yes,87
Weiss-Stuart,Crystal Bautista,2020-11-06,Mint,No,88
"Hamilton, Morales and Shaw",Sarah Barber,2021-11-25,Lemon,No,18
"Hodges, Ortiz and Jenkins",Dennis Fox,2020-12-24,Lemon,Yes,22
"Ortiz, Cantrell and Perez",Randall Robinson,2023-02-25,Mint,Yes,28
Anderson-Cook,Mercedes Garcia MD,2022-08-25,Vanilla,No,40
Smith-Kramer,Walter Miller,2022-08-15,Chocolate,No,8
"Paul, Long and Rice",April Miller,2023-04-29,Lemon,No,34
Gates-Cooper,Maurice Terry,2022-11-28,Vanilla,Yes,26
Mullins LLC,Amy Singh,2021-08-07,Strawberry,Yes,22
"Webb, Mathews and Mitchell",Joshua Perkins,2022-05-03,Strawberry,Yes,58
"Stein, Jordan and Anderson",Alejandra Schaefer,2023-06-02,Vanilla,No,8
Parker-Summers,Mary Stevens,2020-11-27,Strawberry,Yes,43
Fischer Inc,Christina Garrett,2020-04-13,Strawberry,No,50
"Kennedy, Clark and Fields",Suzanne White,2021-08-23,Vanilla,No,83
"Santos, Aguirre and Rivas",Toni Thompson,2021-10-08,Coconut,Yes,11
King-Wright,Kelly Holmes,2023-11-06,Coconut,No,94
Martin and Sons,Paul Brown,2021-01-18,Mint,Yes,46
Shaw-Chavez,Monica Daniel,2021-10-09,Chocolate,No,52
"Peterson, Bennett and Johnson",Matthew Cooper,2023-06-25,Coconut,Yes,95
"Steele, Brown and Gardner",Mr. Kenneth Johnson,2023-09-23,Strawberry,No,94
Everett-Fischer,Audrey Rivera,2023-01-15,Coconut,Yes,100
"Williams, Johnson and Ward",Jeffrey Myers,2022-05-29,Chocolate,Yes,86
"Adams, Brown and Crawford",Samantha Farrell,2022-10-31,Mint,No,44
Miller-Reyes,Ashley Zamora,2021-03-03,Mint,No,88
"Hooper, Smith and Stuart",Kevin Murray,2021-07-27,Chocolate,No,20
"Arias, Salazar and Shields",Linda Carter,2020-01-20,Lemon,Yes,10
Kennedy Inc,Kristie Williams,2022-02-15,Vanilla,Yes,35
Day PLC,Margaret Thomas,2022-01-30,Strawberry,No,56
Garcia-Tran,Sherry Clark,2022-05-30,Chocolate,Yes,53
Dennis Inc,Jason Campbell,2023-06-27,Coconut,No,13
"Moore, Gonzalez and Cruz",Veronica Vaughn,2022-08-20,Mint,No,56
Smith-Cunningham,Dana Sheppard,2020-01-13,Chocolate,Yes,54
"Sampson, Smith and Brown",Steven Smith,2024-06-02,Mint,Yes,66
"Escobar, Reed and Mckinney",Alexander Mcclure,2022-03-19,Mint,Yes,62
Montoya Ltd,Erika Huff,2024-02-05,Vanilla,Yes,93
"Bradley, Hill and Palmer",Eric Gomez,2022-03-21,Vanilla,No,39
Mays-Thompson,Kara Moore,2020-03-12,Mint,Yes,17
Brooks-Contreras,Kelly Coleman,2024-02-04,Chocolate,No,94
Ramirez LLC,Lauren Paul,2020-10-09,Lemon,Yes,66
"Phillips, Myers and Pacheco",Mark Jones,2020-04-22,Strawberry,Yes,15
Maxwell and Sons,Dr. Karina Deleon DDS,2023-08-30,Vanilla,No,51
Perry-Walsh,Jeff Wells,2020-11-15,Coconut,Yes,96
Nelson Ltd,Linda Hodges,2023-09-14,Strawberry,No,19
Avila-Dixon,Christine Morgan,2020-04-13,Coconut,Yes,51
Perez-Campbell,Joseph King,2022-08-15,Chocolate,No,41
"Anderson, Bradley and Ray",Alyssa Todd,2020-03-16,Strawberry,Yes,23
Payne-Wright,Crystal Leon,2020-12-05,Lemon,Yes,87
"Frazier, Peterson and Smith",Lisa Nelson,2021-02-27,Coconut,No,42
"Fowler, Thomas and Leon",Michael Simmons,2021-04-10,Strawberry,Yes,95
Vaughn-Brown,Glenn Berg,2024-03-11,Mint,No,78
Roman LLC,George Hansen,2022-01-15,Coconut,No,95
"Kennedy, Spencer and Gillespie",Tracy Butler,2023-01-10,Vanilla,No,15
"Summers, Turner and Mclaughlin",Suzanne Williams,2021-10-28,Coconut,Yes,51
"Martin, Patel and Gardner",Thomas Knight,2022-11-24,Strawberry,No,78
"Chambers, Odonnell and Bates",Tina Wright,2023-07-26,Vanilla,No,85
Perry-Alvarez,Meagan Andrews,2021-10-25,Mint,No,73
Dennis and Sons,Thomas Crawford,2020-07-12,Mint,No,68
"Cox, Cox and Parker",Wayne Galloway,2020-05-01,Lemon,Yes,1
"Warren, Suarez and Strickland",Chris Fernandez,2020-10-06,Vanilla,No,62
Huber LLC,Robert Scott,2023-08-16,Strawberry,Yes,59
Bailey LLC,Keith Sparks,2023-02-28,Vanilla,Yes,28
"Ellis, Stewart and Davila",Jason Preston,2023-10-04,Chocolate,No,21
"Ellison, Cooper and Moran",Kristina Kirk,2020-03-18,Vanilla,Yes,10
"Anderson, Orr and Little",Joseph Johnson,2020-03-17,Mint,Yes,25
"Salinas, George and Patterson",Cheryl Hicks,2024-03-27,Coconut,Yes,35
Hernandez Ltd,Kayla Manning,2020-04-17,Lemon,No,98
Contreras Group,Eduardo Valentine,2020-06-08,Chocolate,No,34
"Brooks, Escobar and Cook",Chelsea Johnson,2022-01-16,Chocolate,No,35
Walker-Williams,Erika Schwartz,2020-08-08,Vanilla,Yes,78
Jennings-Williams,Christopher Green,2022-06-22,Lemon,Yes,49
Green-Meadows,Ms. Karen Perry,2021-06-23,Chocolate,No,71
Peterson-Kennedy,Keith Mcgee,2022-05-02,Strawberry,Yes,65
"Moore, Lyons and Porter",Karl Dixon,2023-12-07,Lemon,No,96
Jenkins LLC,Erin Sanchez,2021-09-16,Mint,No,38
"Nguyen, Sherman and Bradford",Robert Baxter,2021-10-26,Mint,Yes,74
Cardenas-Nixon,Melvin Castro,2024-05-10,Chocolate,Yes,92
"Richmond, Ross and Lyons",Ann Mcdonald,2021-08-03,Vanilla,No,37
"Osborn, Wolfe and Scott",Evan Johnston,2021-12-07,Strawberry,No,84
Williams-Thomas,George Salas,2023-11-11,Lemon,Yes,88
Bennett Group,Tiffany Taylor,2022-10-14,Coconut,No,90
"Valencia, Gardner and Barrett",Nathan Ramirez,2022-09-20,Mint,No,50
Dawson-Hansen,Travis Thompson,2020-09-06,Coconut,Yes,28
Branch-Smith,Jennifer Hammond MD,2022-02-28,Chocolate,Yes,86
"Davis, Guzman and Thompson",Terry Brennan,2020-07-20,Vanilla,Yes,46
Harris-Roberts,David Peters,2020-09-01,Coconut,Yes,91
"Hood, Brown and Esparza",Teresa Walker,2024-01-21,Vanilla,Yes,65
"Baker, Smith and Richard",Valerie Smith,2023-11-17,Chocolate,No,58
Young Inc,Kevin White,2021-12-25,Lemon,Yes,53
"Carter, Baldwin and Vargas",Leroy Smith,2023-11-08,Lemon,Yes,43
"Lewis, Dickson and Smith",Justin White,2024-03-28,Coconut,No,58
Farley and Sons,Dalton Herring,2022-07-16,Chocolate,No,28
Johnson-Gates,George Little,2024-06-03,Coconut,No,55
"Cox, Mclean and Moore",Mr. Michael Ortega,2023-09-21,Strawberry,Yes,43
"Mcmahon, Koch and Williams",Dylan Robinson,2021-07-05,Coconut,No,86
Johnson-White,Christian Ayers,2022-05-15,Coconut,Yes,100
Martin-Robertson,Frank Walker,2022-09-05,Chocolate,No,39
Wilson-Beck,Paul Mitchell,2021-11-28,Strawberry,No,98
Becker-Foster,Rachel Cherry,2023-02-15,Mint,No,10
Allen-Cohen,Christopher Riley,2021-01-02,Mint,Yes,75
"Werner, Harris and Flores",Craig Morgan,2021-08-02,Chocolate,Yes,56
Short and Sons,Sandra Padilla,2023-02-08,Strawberry,Yes,17
Weaver and Sons,Teresa Shepherd,2021-12-20,Chocolate,No,60
Wells-Moore,James Wade,2021-06-22,Chocolate,No,64
Hernandez Ltd,Ashley Harris,2021-11-25,Mint,Yes,52
Morales Group,William Cox,2023-10-15,Strawberry,No,6
Ward LLC,Krista Smith,2023-07-08,Lemon,No,89
Callahan and Sons,Ms. Alexandra Gross,2021-01-28,Coconut,No,43
"Thomas, Rodriguez and Lopez",James Cole,2022-10-23,Mint,Yes,44
Vega-Sullivan,Paul Rodriguez,2020-07-16,Mint,No,68
Moss-Lucas,Jamie Coleman DDS,2020-03-30,Vanilla,No,78
Moore-Lyons,Joanna Davis,2024-06-07,Coconut,No,60
Bush-Cole,Michael Ortega,2022-09-10,Vanilla,Yes,53
"Monroe, Anderson and Taylor",Tracie Lane,2024-01-14,Coconut,No,85
Stone-Joyce,Sarah Robinson,2023-07-06,Lemon,Yes,97
"Campbell, Daugherty and Church",Peter Chapman,2022-03-11,Mint,No,87
"Foley, Shaffer and Ross",Matthew Hodge,2021-05-24,Lemon,No,87
"Garner, Farley and Pittman",Dr. Douglas Mason,2021-05-25,Vanilla,No,23
"Webb, Schwartz and Curry",Terri Hanson,2024-06-05,Chocolate,Yes,73
Burns-Wells,Lori Lee,2021-09-19,Chocolate,No,2
Gordon PLC,Jennifer Montoya,2020-10-08,Chocolate,No,95
Levy-Bowers,Abigail Smith,2024-06-14,Vanilla,Yes,32
Howard LLC,Grant Moran,2021-11-30,Vanilla,Yes,65
Navarro-Brown,Peter Parker,2022-01-10,Lemon,No,63
Rush-Rodriguez,Danielle Smith,2020-09-05,Vanilla,Yes,42
Graham-Collins,Charles Jackson,2024-05-03,Chocolate,Yes,23
"Jackson, Marquez and Armstrong",Leslie Joyce,2021-08-31,Chocolate,No,51
"Blanchard, Mullins and Ferguson",Henry King,2021-12-27,Vanilla,No,22
Smith Group,Peter Rose,2021-09-30,Vanilla,No,34
"Brown, Brock and Foster",Daniel Thompson,2020-07-30,Vanilla,No,12
Benson and Sons,Charles David,2022-06-22,Coconut,Yes,21
"Jackson, Richardson and Myers",April Ingram,2020-02-28,Strawberry,Yes,65
Lawson Ltd,Gary Curry,2020-08-22,Strawberry,No,22
Mendoza-Johnson,Sara Weiss,2021-02-10,Strawberry,Yes,55
Smith and Sons,Bradley Sims,2020-10-28,Mint,No,88
Townsend-Roach,Lisa Garcia,2020-08-21,Chocolate,Yes,24
Jones LLC,Sherry Le,2020-04-06,Mint,No,24
"Carter, Jones and Herrera",Kyle Moody,2022-07-19,Strawberry,Yes,82
Brennan-Solis,Sheryl Shaw,2020-12-11,Chocolate,No,73
"Roach, Johnson and Conner",Vanessa Villanueva,2022-12-23,Lemon,No,57
"James, Johnston and Green",Gabriel Butler,2021-11-07,Chocolate,No,96
Roberts PLC,William Walker,2022-12-05,Strawberry,Yes,35
"Green, Ayers and Moore",Beth Cardenas,2020-03-10,Coconut,No,42
"Schultz, Mccormick and Copeland",Jacqueline Medina,2022-06-19,Mint,Yes,72
"Silva, Best and Estrada",Elizabeth Flynn,2023-03-01,Coconut,No,52
Evans-Hendrix,Jonathan Klein,2023-01-26,Strawberry,Yes,59
Ramos and Sons,Dr. Cameron Wilson,2024-03-08,Coconut,Yes,57
Mahoney Inc,Dale Ward,2020-04-05,Vanilla,Yes,49
"Chavez, Evans and Cook",Amber Stewart,2022-09-02,Strawberry,Yes,68
Mendez-Green,Miss Erica Rodgers,2020-04-11,Strawberry,No,84
Reese Inc,Edward Pearson,2020-06-25,Coconut,Yes,95
Bailey-Hebert,Jesus Norman,2021-10-14,Coconut,Yes,32
Harper-Armstrong,Allison Phillips,2021-08-22,Vanilla,No,48
Zimmerman Ltd,Diane Miller,2021-03-18,Vanilla,No,100
Huynh and Sons,Renee Novak,2023-12-23,Chocolate,No,25
Campbell LLC,Rodney Le,2022-01-20,Chocolate,Yes,20
Gutierrez LLC,Christina Johnson,2023-12-28,Strawberry,No,36
Freeman-Wright,Trevor Patton,2022-01-09,Mint,No,4
Evans Group,Wesley Miller,2022-12-10,Strawberry,Yes,49
Elliott Ltd,Julie Robertson DVM,2022-03-29,Lemon,Yes,20
Howell Inc,Janet George,2020-06-08,Mint,No,53
Johnston-Johnson,James Rodriguez,2020-12-26,Coconut,Yes,88
"Hood, Evans and Davenport",Kenneth Bennett,2024-04-03,Mint,No,9
Hernandez Inc,Peter Fisher,2022-03-07,Strawberry,Yes,67
"Chavez, Carey and Williams",Ariana Benson,2021-10-04,Mint,No,5
Ramsey-Smith,Paula Jordan,2022-12-20,Lemon,Yes,40
"Jones, Simmons and Huff",Tiffany Avila,2020-08-15,Strawberry,Yes,20
"Brown, Harrison and Daniels",Allen Reed DVM,2023-07-01,Mint,No,84
Padilla-Hopkins,Lauren Johnson,2020-01-16,Lemon,No,47
Buck LLC,Jacob Peterson,2024-03-08,Strawberry,Yes,96
"Robbins, Williams and Williams",Raymond Mckinney,2022-12-12,Coconut,Yes,1
Ortiz Inc,Amy Thornton,2021-03-13,Mint,No,85
Hubbard-Morales,Brittany Peterson,2024-02-22,Lemon,Yes,79
Huynh-Garrett,Jennifer Morales,2023-07-18,Coconut,No,86
Mack Ltd,Kayla Scott DVM,2022-07-07,Lemon,Yes,6
"Rodriguez, Curtis and Williams",Julie Williams,2020-10-08,Strawberry,Yes,92
Pierce Group,Victor Johnson,2021-09-19,Coconut,No,68
Hernandez Ltd,Crystal Ballard,2020-01-14,Mint,No,88
"Lewis, Mullins and Barnett",Deborah Ross,2022-09-16,Chocolate,Yes,51
Palmer-Black,Troy Taylor,2022-08-21,Chocolate,No,11
"Austin, Stewart and Garrett",Cory Palmer,2023-05-17,Chocolate,No,90
Spears Ltd,Sarah Mosley,2022-03-18,Coconut,No,30
Hamilton Ltd,Robert Perez,2020-07-27,Coconut,Yes,21
"Cohen, Melendez and Hall",Charles Casey,2024-01-15,Coconut,No,31
"Carter, Valenzuela and Murphy",Julie Brown,2022-12-14,Strawberry,Yes,43
"Bowman, Wagner and Salas",Parker Robinson,2022-04-04,Chocolate,No,31
Carroll Group,Charles Davis,2023-10-01,Strawberry,No,22
Hamilton-Miller,Cory Norton,2020-09-20,Strawberry,No,45
"Harvey, Valencia and Bryant",Teresa Moore,2024-03-05,Mint,No,89
Smith PLC,Chase Fowler,2022-04-05,Vanilla,No,79
"Riley, Johnson and Hancock",Carolyn Brown,2024-02-06,Lemon,Yes,21
"Smith, Johnson and Wilkins",Derek Jones,2022-12-02,Vanilla,Yes,28
"Anderson, Vazquez and Elliott",John Lambert,2021-12-23,Strawberry,No,52
"Mccall, Davis and Walter",Sarah Gardner,2023-11-01,Vanilla,Yes,70
Gentry Inc,Dorothy Berger,2020-08-14,Coconut,Yes,30
Miller-Andrews,Billy Torres,2023-01-21,Chocolate,No,83
King Ltd,Anthony Miller,2021-03-14,Vanilla,No,14
Johnson-Williams,William Choi,2020-07-15,Mint,No,55
Rogers-Flores,James Morris,2023-03-21,Coconut,No,7
Perez LLC,Alyssa Neal,2020-10-04,Lemon,Yes,37
Velez Ltd,Michele Moody,2020-06-03,Vanilla,Yes,11
"Clark, Kelley and Richards",Christopher Thomas,2020-08-08,Strawberry,No,6
"Murray, Hernandez and Robles",Alexa Meyer,2022-06-11,Strawberry,No,85
Cohen-Ingram,John Juarez,2021-08-29,Strawberry,Yes,53
King LLC,Thomas Shannon,2023-01-23,Vanilla,Yes,62
Perkins-Alexander,Timothy Tate,2020-04-01,Vanilla,Yes,45
Riley-Keller,Christopher James,2023-02-10,Mint,Yes,97
Holt-Hoover,James Ross,2023-04-03,Mint,Yes,20
"Carter, Merritt and Mcdonald",James Olson,2023-01-24,Coconut,Yes,70
"Flynn, Gutierrez and Rogers",Christian Thomas,2024-04-01,Strawberry,Yes,63
"Mcdaniel, Underwood and Miller",Kenneth Fernandez,2021-09-24,Vanilla,No,38
"Bowen, Hicks and Patterson",Gregory Holmes,2023-05-24,Coconut,Yes,19
Kennedy-Goodman,Caroline Bell,2021-01-02,Strawberry,Yes,73
Leblanc Group,Nicholas Rose,2020-12-20,Lemon,No,78
Hunter and Sons,Joshua Hernandez,2023-07-28,Vanilla,Yes,3
Miller-Reyes,Stephanie Moyer,2021-09-01,Lemon,No,95
Wallace LLC,Theresa Stewart,2020-03-03,Mint,Yes,10
Gilbert LLC,Robin Peck,2022-05-19,Lemon,No,42
Miller-Richards,Tiffany Dickson,2023-05-02,Vanilla,No,55
Watts LLC,Adam Benson,2020-10-27,Mint,No,76
Torres-Pacheco,Kurt Floyd,2023-06-26,Strawberry,No,44
"Hanson, Wilson and Clarke",Andrew Miller,2023-06-20,Mint,Yes,20
Smith Inc,Keith Davis,2021-03-11,Coconut,Yes,74
Smith-Houston,Christine James,2023-03-23,Vanilla,Yes,24
"Smith, Carter and Martin",Andrew Moore,2020-05-09,Chocolate,No,95
"Goodwin, Foster and Short",Kirsten Ross,2021-12-16,Vanilla,Yes,61
"Smith, Howard and Kim",Angela Wolf,2023-08-19,Mint,Yes,68
Murphy-Knapp,Kristen Jones,2022-12-07,Strawberry,Yes,65
Smith-Sanchez,Nicholas Shaw,2020-08-22,Vanilla,Yes,92
"Kaiser, Cantu and Williams",Lindsey Orozco,2021-05-10,Lemon,No,68
Johnson-Melendez,Tammy Foster,2021-03-01,Coconut,No,67
Crane LLC,Jessica Lewis,2022-12-10,Lemon,No,51
"Price, Brown and Higgins",James Nguyen,2024-03-03,Vanilla,No,72
Hodge-Melton,Amanda Campos,2023-11-08,Chocolate,Yes,18
Payne-Carr,Joseph Young,2020-03-25,Vanilla,No,74
Jones and Sons,Ryan Mcconnell,2020-05-10,Vanilla,No,59
"Vance, Cooper and Perry",Laura Jones,2021-03-20,Mint,Yes,85
Blair and Sons,Matthew Davila,2024-03-09,Coconut,No,72
Bell-Romero,Barbara Brown,2021-11-11,Chocolate,Yes,51
Dean-Yang,James Knapp,2021-12-25,Vanilla,Yes,46
Perez-Miller,Lisa Smith,2020-10-27,Mint,Yes,32
Clark Group,Ryan Baldwin,2022-07-16,Coconut,No,66
Gray-Moore,Sarah Villanueva,2022-07-14,Lemon,No,96
King Group,Heather Reyes,2022-05-25,Strawberry,Yes,82
Williams PLC,Tracy Valdez,2020-03-22,Vanilla,No,86
"Rollins, Cervantes and Miller",Jennifer Baker,2023-09-26,Mint,Yes,74
"Walker, Brown and Knight",Bradley Lewis MD,2023-08-04,Chocolate,Yes,60
Harrison-Webb,Mary Martin,2022-12-22,Chocolate,Yes,77
"Ward, Fischer and Kelley",Elizabeth Stone,2021-08-22,Chocolate,Yes,80
"Hensley, Bailey and Schwartz",Amanda Morris,2020-12-14,Lemon,No,36
Chan Inc,Alejandro Campbell,2023-07-18,Mint,Yes,16
Cummings-Wagner,Nichole Cervantes,2020-05-10,Chocolate,Yes,77
"Odonnell, Wood and Miller",Joseph Brown,2021-01-21,Coconut,Yes,16
Roberts-Williams,Diana Reed,2020-03-01,Mint,No,51
"Morris, Boyer and Wright",Lindsey Mcmahon,2022-10-16,Vanilla,Yes,48
House-May,Julia Kidd,2020-09-18,Coconut,No,84
Walker-Edwards,Ricky Barker,2023-05-31,Vanilla,No,48
"Walker, Barnett and Morris",Brittany Gross,2023-10-07,Lemon,Yes,79
Warren and Sons,Christine Santos,2020-03-01,Coconut,No,41
"Rangel, Obrien and Mcdaniel",Alicia Gordon,2024-03-15,Vanilla,No,35
Rogers and Sons,Kristin Beck,2021-01-20,Chocolate,No,32
"Rodriguez, Mcgee and Acevedo",John Hensley,2021-12-20,Strawberry,No,84
Coffey Group,Denise Figueroa,2020-05-30,Chocolate,No,91
"Norman, Cowan and Thomas",Mark Campbell,2022-03-06,Vanilla,No,87
"Wright, Santana and Neal",Olivia Butler,2020-10-31,Chocolate,Yes,98
Hicks-Olson,Charles Peters,2021-06-19,Mint,Yes,27
Middleton Ltd,Jennifer Johnson,2021-03-30,Chocolate,No,96
Butler-Wagner,Carmen Rosario,2021-08-25,Mint,No,45
Henderson LLC,Robert Shaffer,2021-08-04,Chocolate,No,27
Donaldson Inc,Melissa Myers,2023-05-19,Mint,No,22
"Gibbs, Morrow and Moore",Patricia Brooks,2022-07-23,Chocolate,Yes,31
"Rhodes, Sanchez and Valdez",Nicole Gomez,2023-02-07,Coconut,Yes,55
Zimmerman-Thompson,Matthew Edwards,2020-07-10,Mint,No,89
"Mendoza, Allen and Washington",James Hensley,2024-06-15,Coconut,Yes,73
Ponce-Gonzalez,Ronald Smith,2020-01-07,Lemon,Yes,49
"Taylor, Davis and Brown",Jessica Williams,2023-04-22,Lemon,No,84
Rowe and Sons,James Hamilton,2021-10-24,Vanilla,No,2
Walsh-Mora,Chad Perez,2020-04-22,Lemon,No,60
Wilkins-Jefferson,Bryan Gonzalez,2023-09-27,Lemon,Yes,18
Brown-Byrd,Jennifer Alvarado,2021-08-26,Chocolate,Yes,58
"Torres, Garza and Clayton",Robert Avila,2023-03-09,Chocolate,Yes,10
Huynh-Hill,Vanessa James,2020-01-09,Lemon,No,80
Hernandez-Ford,Melinda Jones,2021-10-25,Vanilla,No,89
Diaz-Baird,Lori Delacruz,2020-09-27,Coconut,No,59
Welch Inc,Mary Mercado,2024-01-24,Lemon,No,14
Garrett Ltd,Michelle Skinner,2021-04-23,Mint,No,51
Miller-Conner,Justin Smith,2021-07-31,Vanilla,No,6
Phillips and Sons,Katherine Scott,2023-06-11,Coconut,No,54
Boyd-Peterson,Stacy Zamora,2020-10-28,Coconut,Yes,39
Day-Valencia,Michelle Mckinney,2024-03-05,Lemon,No,57
"Sanders, Hoffman and Scott",Crystal May,2023-10-13,Vanilla,Yes,84
Santos PLC,Kathy Black,2022-01-17,Mint,Yes,22
Mcneil Group,Stephen Hudson,2022-03-26,Lemon,Yes,74
Smith-Anderson,Jason Miller,2022-09-14,Chocolate,Yes,53
Molina-Rose,Jesse Mayer,2020-05-24,Mint,No,83
Wright-Shaw,Nathan Wilson,2023-04-09,Strawberry,Yes,61
Mccoy-Zhang,Jose Gilbert,2023-06-05,Coconut,No,72
Miller and Sons,Scott Zimmerman,2022-07-20,Strawberry,No,82
"Griffin, Price and Cummings",Aaron Griffin,2022-04-28,Vanilla,No,54
Brady LLC,Andrew Williams,2024-04-11,Chocolate,No,79
"Johnson, Hobbs and Pierce",Jonathan Scott,2022-11-10,Chocolate,No,73
"Osborne, Smith and Soto",Vanessa Mcdonald,2020-02-25,Coconut,No,1
"Smith, Brown and Gutierrez",Crystal Vasquez,2024-04-23,Strawberry,Yes,9
"Flores, Evans and Carpenter",Betty Carr,2023-04-15,Vanilla,Yes,45
Dorsey-Gutierrez,Madison Holland,2023-12-26,Strawberry,No,33
Clark-Morton,Justin Humphrey,2022-09-25,Strawberry,No,15
Rivers LLC,Russell Nelson,2022-06-04,Coconut,No,46
Robinson Ltd,Joseph Mendez,2022-08-19,Lemon,No,30
Martinez Ltd,Dr. Jacob Watson,2021-01-27,Lemon,Yes,47
"Hartman, Thornton and Daniel",Jennifer Griffin,2022-07-25,Chocolate,No,12
"Taylor, Meyer and Frank",Jordan Nguyen,2020-09-18,Mint,No,35
"Anderson, Richardson and Blair",Angel Ponce,2020-12-27,Coconut,Yes,91
"Garcia, Santos and Allen",Ms. Julie Christensen,2022-08-21,Coconut,No,72
Jones-Baker,Denise Powell,2022-10-10,Mint,Yes,91
"Lewis, Gibbs and Townsend",Brandon Edwards,2020-07-03,Lemon,Yes,39
Estrada-Gonzalez,Matthew Sanders,2022-08-18,Strawberry,No,94
Miller PLC,Brittany Lewis,2023-11-02,Strawberry,Yes,52
"Murphy, Lambert and Martinez",Russell Curtis,2021-10-31,Strawberry,Yes,73
"Mooney, Holland and Castro",Rhonda Thompson,2020-11-01,Coconut,Yes,92
Bonilla and Sons,Ronald Smith,2023-01-20,Strawberry,No,59
Henry-Patterson,Karen Brown,2022-11-09,Vanilla,Yes,68
Bowen PLC,Emily Phillips,2021-04-16,Lemon,No,12
Wise-Hunt,Beth Wood,2024-03-27,Coconut,Yes,13
Barber-Hudson,Larry Castaneda,2021-09-01,Coconut,Yes,99
Sullivan Ltd,Christine Garcia,2024-04-19,Mint,No,48
Knox PLC,Joseph Sharp,2023-08-16,Coconut,No,51
Todd Ltd,Thomas Watson,2021-11-06,Strawberry,No,62
"Weaver, Serrano and Rodriguez",William Jackson,2022-12-25,Mint,Yes,65
"Weber, White and Woods",James Pierce,2023-09-15,Vanilla,Yes,98
"Drake, King and Molina",Justin Morgan,2020-12-14,Lemon,No,62
"Hale, Jimenez and Gutierrez",Rebekah Snyder,2020-04-18,Chocolate,Yes,83
"Reid, Kennedy and Rodriguez",Denise Novak,2022-05-14,Mint,Yes,69
Lowe-Kelly,Kelly Ramos,2020-12-18,Vanilla,No,88
Matthews-Hudson,William Williams,2024-06-08,Chocolate,No,69
Anderson Ltd,Timothy Carlson,2023-05-02,Chocolate,Yes,42
"Moore, Williams and Thompson",Jenny Bishop,2023-02-17,Chocolate,No,63
Shepard PLC,Teresa Brown,2021-08-07,Mint,No,27
Mays Inc,Tonya Pierce,2022-09-24,Vanilla,No,72
"Knight, Nguyen and Allen",Lynn Bullock,2023-02-24,Mint,No,28
Mueller-Taylor,Jonathan Hicks,2022-04-14,Coconut,Yes,2
Porter LLC,Mr. Samuel Rivera,2022-12-27,Lemon,No,91
"Day, James and Johnson",Peter Graves,2024-06-14,Lemon,No,10
"Acevedo, Macias and Gallegos",Bruce Galvan,2020-09-18,Coconut,No,20
Taylor-Williamson,Jessica Olson,2022-02-13,Mint,Yes,51
"Shaw, Watson and Holt",Michael Brennan,2021-09-22,Vanilla,Yes,51
"Rush, Marshall and Turner",Sherry Nelson,2022-09-04,Mint,No,22
Humphrey-Meyers,Jessica Taylor,2020-12-04,Mint,Yes,34
"Buck, Poole and Matthews",Jordan Martinez,2020-07-09,Lemon,No,27
Parsons-Stevens,Keith Chase,2020-08-31,Lemon,Yes,19
Rose and Sons,Anthony Cruz,2020-12-23,Mint,Yes,47
Sullivan-Rogers,Lisa Roy,2020-01-30,Lemon,No,3
Hart LLC,Brandon White,2021-09-26,Lemon,No,73
"Wise, Williams and Martin",Steven Lloyd,2020-08-13,Vanilla,No,6
Miller-Thomas,Crystal Hernandez DDS,2020-04-21,Coconut,Yes,11
Mcfarland-Fletcher,Thomas Wyatt,2022-06-20,Vanilla,No,82
Rodriguez-Davis,Dustin Young,2020-09-12,Coconut,No,8
David-Powell,Daryl Miller,2022-08-22,Chocolate,No,10
Nelson-Arnold,Daniel Washington,2023-06-17,Strawberry,No,86
Greene Group,Veronica Johnson,2023-08-06,Coconut,No,91
Richardson Group,Steven Garcia,2021-12-17,Coconut,Yes,22
Harris Group,Brenda Espinoza,2021-06-23,Chocolate,No,90
Kline LLC,Gregory Powell,2022-07-26,Chocolate,Yes,32
Berg-Archer,Andrew Steele,2021-01-26,Vanilla,No,11
Hart Inc,Michael Moore,2020-07-25,Chocolate,No,26
Diaz-Miller,Donald Myers,2021-08-25,Lemon,No,81
White LLC,Patricia Sanchez,2021-10-22,Chocolate,Yes,94
Tucker Group,Nichole Walsh,2024-06-12,Strawberry,Yes,56
"Parker, Rodriguez and Johnson",Ian Ferrell,2020-04-12,Strawberry,No,48
Johnson-Ellis,Maria Ware,2020-06-13,Lemon,No,50
"Sweeney, Leblanc and Russell",Julie Costa,2024-06-25,Strawberry,No,44
Montoya Group,Mark Vaughn,2020-06-08,Strawberry,No,21
"Wells, Martin and Moore",John Ross,2023-12-23,Mint,No,46
"Sexton, Ward and Shea",Crystal Lynch,2022-06-07,Vanilla,Yes,24
"Moore, Steele and Scott",Aaron Tucker,2022-07-29,Vanilla,No,86
"Andrews, Skinner and Lopez",Richard Barrett,2021-08-26,Lemon,No,37
Allen LLC,Kevin Scott,2022-08-25,Coconut,Yes,36
Rodriguez Ltd,Angel Williams,2020-11-28,Chocolate,No,91
Thomas LLC,Deanna Booker,2022-04-29,Chocolate,Yes,96
Johnson Ltd,Andrew Lam Jr.,2021-11-22,Strawberry,No,2
Mckee PLC,Jay Wells,2024-05-17,Chocolate,No,68
Walters-Jones,Jason Chang,2021-06-29,Mint,Yes,21
"Barrett, Wagner and Jones",Cynthia Hansen,2020-09-26,Strawberry,Yes,69
Cox-Kramer,Amber Solis,2021-10-30,Coconut,No,44
Heath-Krause,Amanda Cunningham,2022-04-03,Mint,Yes,17
Wagner-Wood,Paula Miller,2021-09-21,Lemon,Yes,8
Pittman-Johnson,Sara Dunn,2021-06-07,Coconut,Yes,34
Arroyo-Mcintyre,Charlene Anderson,2021-10-11,Vanilla,No,60
Martinez-Rogers,Johnny Brewer,2022-07-24,Vanilla,Yes,37
Dillon Inc,Madison Sharp,2022-06-09,Vanilla,Yes,14
"Bennett, Hill and Cameron",Timothy Russell,2020-04-22,Chocolate,Yes,35
Hicks Ltd,Jeremy Green,2020-02-10,Vanilla,Yes,47
Sanders Group,Jimmy Hansen,2021-05-20,Coconut,Yes,8
Fox-Gonzales,Melanie Snyder,2021-03-15,Strawberry,Yes,13
Coleman-Taylor,Leslie Palmer,2020-09-24,Mint,Yes,83
Winters-Foster,Douglas Richardson,2023-09-08,Vanilla,Yes,56
Cruz Ltd,Gabrielle Duke,2023-08-07,Coconut,Yes,12
Hogan-Bishop,Nathan Blanchard,2020-08-15,Lemon,No,7
Fitzgerald LLC,Leonard Jenkins,2024-03-20,Strawberry,Yes,86
Cox PLC,Kimberly Rodriguez,2022-03-27,Mint,No,95
Moore-Hamilton,Christina Moore,2023-08-29,Mint,No,54
Young and Sons,Elizabeth Leon,2021-12-18,Mint,No,63
"Peterson, Price and Ward",Lori Heath,2023-07-11,Lemon,Yes,13
"Gonzalez, Colon and Clark",Courtney Barnes,2022-11-24,Lemon,No,6
Murphy Group,Brandon Smith,2022-06-11,Mint,Yes,56
"Gonzalez, Vargas and Walters",Justin Lamb,2023-12-03,Mint,No,79
Moore Group,Steven Hill,2023-12-27,Chocolate,Yes,5
Vasquez-Holmes,Kathleen Jones,2022-11-26,Coconut,Yes,66
"Chandler, Sparks and Escobar",Aaron Brown,2022-09-02,Chocolate,No,10
"Harris, Vega and Martin",Brittany Mejia,2021-03-13,Mint,Yes,9
Gillespie Inc,Walter Flores,2024-04-04,Mint,No,5
Hill-Lopez,Russell Kirk,2023-03-06,Vanilla,No,3
Carr PLC,Breanna Harrison,2024-03-21,Lemon,No,23
Garcia-Sims,Steve Sweeney,2022-11-02,Vanilla,No,93
Powell and Sons,Michael Bailey,2022-01-13,Mint,No,17
Gill and Sons,Michael Robinson,2021-12-02,Strawberry,No,48
"Bradford, Wagner and Duke",Randall Patton,2021-10-09,Lemon,No,48
"Huff, Soto and Payne",Amy Lozano,2020-07-19,Lemon,Yes,81
Owens PLC,Deborah Sharp,2022-10-18,Lemon,No,75
Butler-Miller,William Sanchez,2024-04-12,Lemon,Yes,51
"Callahan, Carter and Brown",Suzanne Baker,2020-07-25,Chocolate,Yes,36
"Hernandez, Cooper and Davis",Chelsea Campbell,2020-05-19,Coconut,Yes,73
Garza-Rivera,Melissa Hicks,2022-07-12,Mint,No,34
Perry-Meyer,Dawn Valdez,2023-03-18,Chocolate,Yes,71
"Brown, Reid and Sullivan",Thomas Castaneda,2022-03-21,Coconut,Yes,9
Marshall PLC,Andrew Brown,2020-09-11,Mint,No,11
Ayala-Martinez,Chris Warren,2021-05-05,Vanilla,Yes,53
Harvey PLC,William Oneill,2020-02-01,Vanilla,Yes,4
Barber-Dennis,Yvette Thompson,2021-11-07,Lemon,No,100
Wilson-Clark,Travis Lewis,2020-10-05,Coconut,No,87
"Brennan, Cooper and Rodriguez",James Jones,2023-11-07,Lemon,Yes,57
"Davis, Nguyen and Garner",Johnathan Bailey,2022-04-04,Strawberry,No,11
Knight-Scott,Bill Gross,2020-08-26,Chocolate,No,28
"Farley, Torres and Pham",Steven Williams,2022-03-12,Strawberry,Yes,23
Graham Inc,Daniel Baker,2020-02-15,Strawberry,No,55
Brown PLC,Mary Chavez,2024-03-25,Coconut,No,7
Martin and Sons,Brenda Esparza,2021-06-27,Coconut,No,48
Wallace Ltd,Lisa Harper,2023-06-20,Lemon,No,4
"Maldonado, Walker and Miller",Jacob Johnson,2021-07-09,Strawberry,Yes,63
Thompson and Sons,Christopher Alexander,2021-12-01,Vanilla,No,21
Buck and Sons,Frank Hamilton,2021-03-25,Mint,No,70
Lee Ltd,April Archer,2022-05-08,Strawberry,No,42
Gutierrez-Armstrong,Brian Hart,2022-09-25,Lemon,Yes,17
Greene-Crawford,Leslie Rocha,2020-06-07,Mint,No,86
"Rios, Robinson and Scott",Aaron Ray,2021-04-23,Lemon,No,62
"Ramirez, Wiley and Hamilton",Colleen Romero,2020-06-21,Vanilla,No,18
Hayes Ltd,Lauren Krause,2021-06-30,Vanilla,No,12
Byrd and Sons,Sandy Holmes,2023-08-17,Coconut,Yes,68
Jones Ltd,Heather Hill,2024-02-06,Coconut,Yes,21
Mcknight and Sons,Michael Mendoza,2023-09-29,Mint,Yes,78
Fernandez LLC,Nicole Kelley,2020-07-03,Chocolate,Yes,12
"Austin, Perez and Mendez",Eric Allen,2022-01-10,Mint,Yes,12
Small-Romero,Michael Cline,2023-05-10,Chocolate,Yes,91
Murray and Sons,Philip Perez,2021-12-26,Coconut,No,22
Garcia-Howell,Meghan Flores,2022-05-29,Strawberry,No,92
Scott-Wall,Adam Wyatt,2023-01-03,Mint,Yes,41
Orr and Sons,Jessica Cline,2022-12-22,Lemon,No,10
Potts PLC,Sandra Rodriguez,2020-03-06,Strawberry,Yes,13
Garcia-Turner,Samantha Davis,2020-12-13,Coconut,No,35
Smith Ltd,Sherri Guerrero,2021-11-18,Lemon,No,18
Ramirez and Sons,Brad Holt,2020-10-27,Coconut,Yes,87
Paul PLC,William Hall,2023-12-04,Vanilla,No,60
Leonard PLC,Gregory Miller,2021-07-03,Coconut,No,45
"Hammond, Lambert and Lang",Logan Garcia,2024-06-07,Coconut,Yes,58
Harper-Todd,Paul Jones,2022-01-15,Mint,No,6
Hall-Wilson,Robin Hill,2020-01-16,Chocolate,No,83
"Watson, Harvey and Davenport",Trevor Powell,2022-06-17,Lemon,No,92
"Summers, Novak and Adams",Vicki Berg,2022-08-05,Strawberry,No,12
Peters Group,Matthew Sanchez,2022-07-24,Mint,Yes,84
"Bush, Burns and Chavez",Amy Cabrera,2021-12-15,Vanilla,Yes,1
"Cain, Salazar and Morales",Ebony Freeman,2023-10-17,Coconut,No,53
Gray-Gallagher,Linda Choi,2020-03-09,Chocolate,Yes,55
Rivera and Sons,William Cook,2020-03-27,Vanilla,Yes,73
Aguilar and Sons,Maria Washington,2021-10-28,Vanilla,Yes,25
"Gordon, Sanchez and Elliott",Jennifer Hale,2021-12-13,Coconut,Yes,71
Delgado PLC,Jessica Santana,2020-07-16,Lemon,No,73
Hernandez and Sons,Katie Cohen,2020-06-28,Strawberry,Yes,11
"Lee, Pitts and James",Jacqueline Fisher,2020-06-23,Chocolate,Yes,53
Rodriguez PLC,Thomas Webb,2021-05-11,Coconut,Yes,32
Thomas LLC,Robert Blair,2022-10-14,Lemon,No,7
"Wells, Valdez and Howard",Sandra Jones,2020-12-13,Strawberry,Yes,20
Mills Ltd,Mr. Christopher Spencer MD,2021-09-19,Mint,Yes,64
Jones PLC,Russell Boyle,2024-01-04,Strawberry,Yes,38
"Holden, Stephens and Ferrell",Rebecca Williams,2022-07-26,Strawberry,No,99
Williamson-Curry,Susan Sheppard,2022-07-25,Mint,No,30
"Casey, Campbell and Baldwin",Douglas Powell,2024-01-06,Vanilla,Yes,96
Taylor and Sons,Angelica Fisher,2021-01-24,Coconut,No,57
Castillo and Sons,Ashley Allen,2024-04-17,Mint,No,41
Davis and Sons,Melissa Moore,2020-04-28,Coconut,No,64
Jones-Murphy,Robyn Chen,2022-12-02,Vanilla,No,69
"Bailey, Mills and Rosario",Laurie Wood,2020-06-29,Mint,Yes,72
Lewis-Lyons,Daniel Rodriguez,2023-04-26,Strawberry,Yes,18
Conner LLC,James Taylor,2022-07-21,Strawberry,Yes,88
Ruiz Inc,John Murphy,2021-01-30,Chocolate,No,99
Harris Inc,Raymond Clark,2024-01-13,Strawberry,No,7
Mendoza Inc,Jamie Davis,2022-07-02,Chocolate,Yes,96
"Velasquez, Cole and Schmidt",David Sandoval,2023-12-07,Coconut,Yes,89
Jacobson-Jackson,Jose Smith,2020-03-21,Mint,Yes,30
Robertson Group,Erin Rios,2023-10-28,Mint,Yes,59
Thomas-Barker,Karen Cook,2023-05-31,Strawberry,No,82
"Cook, Walker and Bates",Rebecca Gomez,2021-01-23,Coconut,Yes,83
Gillespie-Cooper,Ethan Boyle,2021-05-08,Chocolate,Yes,16
Lee-Clark,Courtney Lopez,2023-11-06,Vanilla,No,72
"Davis, Olson and Howard",Jessica Sharp,2023-10-26,Lemon,Yes,6
"Stone, Conway and David",Justin Fuller,2022-12-16,Vanilla,Yes,11
"Wood, Townsend and Rodriguez",Christopher Williamson II,2022-08-21,Vanilla,No,52
"Robinson, Howard and Walker",Martha Alvarez,2020-09-25,Strawberry,Yes,85
Taylor-Brewer,Bob Lowe,2024-04-23,Coconut,Yes,94
Davis Group,Kevin Carroll,2023-05-21,Coconut,Yes,35
"Bruce, Jones and Rios",Matthew Brock,2022-11-27,Strawberry,Yes,6
"Smith, Davis and Harrison",Stanley Webster,2023-04-04,Mint,Yes,20
Mooney PLC,Miss Michelle Schneider,2023-08-15,Lemon,No,89
Smith PLC,Christian Holland,2023-02-23,Lemon,No,53
"Farmer, Estes and Garcia",Jill Alvarado,2023-06-20,Chocolate,Yes,7
Perkins Group,Vanessa Smith,2021-12-08,Vanilla,No,9
Robinson-Bailey,Christopher Smith,2021-09-19,Strawberry,No,100
Deleon-Williams,Samantha Simmons,2023-08-31,Chocolate,No,48
Horton Inc,Mark Smith,2022-10-11,Lemon,No,36
"Richards, Acevedo and Norman",Gregory Thompson,2021-07-01,Vanilla,No,58
Joseph and Sons,Teresa Williams,2022-05-31,Vanilla,No,32
Johnson Group,Dustin Hogan,2022-08-30,Coconut,No,67
Turner-Newman,Destiny Warner,2021-07-10,Mint,Yes,82
Shields Inc,Stephanie Gould,2021-08-28,Chocolate,No,73
"Jimenez, Brown and Bailey",Thomas Hunter,2023-10-23,Coconut,Yes,82
Clarke-Vasquez,Harry Villanueva,2020-02-27,Vanilla,Yes,91
Rivera PLC,Gerald Miller,2021-10-26,Mint,Yes,2
Russell-Flores,Kimberly Hernandez,2022-06-28,Chocolate,No,63
"Shelton, Hebert and Pacheco",Albert Harding,2021-01-01,Lemon,No,79
"Glenn, Martin and Garcia",Amanda Williams,2020-07-19,Vanilla,Yes,41
"West, Davis and Casey",Cathy Lawrence,2024-03-14,Chocolate,Yes,26
Spencer-Moran,Kevin Noble,2022-07-27,Mint,No,34
Brown-King,Regina Chaney,2024-02-19,Strawberry,No,40
Baldwin Ltd,David Hogan,2023-01-17,Vanilla,Yes,71
"Day, Pearson and Thomas",Dustin Fox,2022-01-17,Chocolate,No,42
"Lozano, Gallegos and Kelly",Stacy Hodges,2021-01-16,Vanilla,No,10
Walker PLC,Jacqueline Zuniga,2022-08-04,Strawberry,Yes,43
"Jimenez, Moran and Allen",Julie Wright,2020-03-06,Mint,No,44
Turner-Nelson,Shannon Bell,2024-04-05,Chocolate,Yes,45
Fleming-Knight,Kelsey Madden,2020-04-10,Strawberry,No,66
"Quinn, Nelson and Montes",Jacqueline Gonzalez,2023-11-13,Strawberry,Yes,78
Herring-Mccann,Veronica Robinson,2023-04-14,Mint,No,4
Rowland Ltd,Douglas Matthews,2020-02-21,Strawberry,No,47
"Hicks, Parker and Nguyen",Justin Mccann,2023-02-09,Mint,No,85
Hatfield-Gordon,Edward Benson,2022-10-06,Vanilla,No,72
Smith-Fuller,Brian Padilla,2023-11-14,Mint,No,56
"Mcmillan, Smith and Hurst",Carrie Pope,2024-05-24,Vanilla,No,25
"Holmes, Goodwin and Sanchez",Mckenzie Thomas DVM,2023-11-15,Lemon,Yes,4
Chung and Sons,Mrs. Rachel Kelly,2020-02-02,Strawberry,No,83
Hicks-Jones,Nicholas Carney,2021-10-26,Strawberry,No,91
"Munoz, Hanson and Murillo",Tonya Hernandez,2024-01-03,Coconut,No,30
"Decker, Thomas and Green",Linda Ellis,2022-01-07,Lemon,Yes,16
"James, Dunn and Martinez",Kathy Contreras,2021-04-26,Strawberry,Yes,32
Vasquez LLC,Sandra Harris,2024-04-15,Strawberry,No,61
Burton Inc,Lisa Miller,2022-04-10,Coconut,Yes,39
Smith Ltd,Hunter Jennings,2020-10-23,Mint,No,87
Orr Group,Shelly Phillips,2023-04-26,Vanilla,No,22
Ramos-Ramsey,Monica Allen,2023-09-24,Strawberry,Yes,37
Hall-Armstrong,Madison Solis,2020-07-30,Lemon,No,60
"Gonzalez, Taylor and Hamilton",Anthony Lopez,2024-03-21,Mint,Yes,11
Wilson Ltd,Linda Gonzales,2020-06-05,Lemon,No,89
Webb-Chapman,Stephanie Johnston,2023-06-20,Vanilla,Yes,39
"Perez, Jones and Archer",Anthony Guzman,2023-02-08,Vanilla,No,42
Scott Inc,Darryl Hicks,2021-10-18,Chocolate,Yes,9
Yates-Ortiz,Jacqueline Griffin,2023-06-04,Lemon,Yes,70
"Burnett, Webb and Kim",Elizabeth Baker,2022-09-11,Coconut,No,84
Anderson-Johnson,Nathan Wright,2021-04-21,Coconut,No,29
Hicks Ltd,Matthew Hendricks,2022-02-06,Lemon,Yes,78
Paul-Patton,Catherine Webb,2021-05-21,Strawberry,No,37
Warren-Lam,Kayla Williams,2021-05-16,Coconut,Yes,89
Joseph-Johnson,Kevin Reed,2020-05-20,Chocolate,No,84
Jackson-Rose,Abigail Taylor,2022-12-25,Coconut,Yes,47
"Hall, Ray and Butler",Brenda Murphy,2020-02-01,Mint,No,99
"Evans, Gonzales and Brooks",Peter Dennis,2020-06-17,Mint,No,1
Roach Group,Kevin Fuller,2023-03-06,Chocolate,Yes,18
"Jones, Green and Thomas",Tammy Wise,2020-11-02,Vanilla,No,78
Marsh LLC,Martin Singleton,2023-10-10,Vanilla,Yes,73
Montgomery and Sons,Jenna Meyer,2021-12-18,Strawberry,Yes,37
Jackson Inc,James Robinson,2022-03-20,Strawberry,Yes,35
"Williams, Jones and Brown",Anna Carpenter,2020-11-29,Strawberry,No,32
Hammond LLC,David Pitts,2023-04-13,Vanilla,No,25
Woods LLC,Mrs. Krystal Thornton DDS,2020-04-03,Mint,Yes,3
"Hicks, Smith and Barton",Ashley Becker,2024-02-24,Lemon,No,57
"Hunter, Morris and Jordan",Mr. Daniel Fitzgerald,2023-03-13,Vanilla,No,21
"Davenport, Tucker and Mills",Ashley Williams,2024-03-06,Chocolate,No,99
"Knight, Colon and Oconnell",Amy Jones,2021-10-17,Strawberry,No,47
"Williams, Zimmerman and Avila",Kelly Colon,2022-08-10,Coconut,Yes,91
Martinez PLC,Breanna Weber,2020-07-04,Coconut,No,59
Vaughn PLC,Jessica Sparks,2020-05-11,Chocolate,Yes,67
Richard-Fitzgerald,Cindy Perez,2020-06-12,Coconut,Yes,48
Lopez-Green,Adam Hull,2022-11-21,Strawberry,No,91
West-Allen,Sarah Mcclure,2020-12-28,Lemon,Yes,63
"Quinn, Doyle and Ortiz",Cole Johnson,2021-09-29,Chocolate,Yes,89
Hinton-Horton,Christina Rhodes,2022-09-26,Strawberry,No,2
Padilla PLC,Kathy Murphy,2021-12-29,Chocolate,No,18
"Wright, Lopez and Estes",Mary Henderson,2023-08-06,Strawberry,No,30
Long-Solomon,Karen Brown,2024-01-04,Lemon,No,38
Padilla-Freeman,Carl Shea,2020-12-25,Coconut,No,12
"Castillo, Peterson and Kirk",Megan Carr,2020-04-27,Mint,Yes,62
Hale PLC,Adriana Peterson,2023-08-10,Chocolate,Yes,54
Tyler-Cohen,Brittany Jimenez,2023-09-13,Coconut,Yes,60
Perkins and Sons,Angela Fernandez,2023-09-11,Strawberry,Yes,63
Baird PLC,Jennifer Anderson,2021-11-30,Lemon,Yes,60
"Huerta, Brown and Powers",Jorge Koch,2024-05-28,Mint,Yes,28
"Rojas, Price and Gordon",James Mccarthy,2024-05-02,Coconut,No,88
"Hall, Thomas and Terrell",Tiffany Stephens,2021-08-04,Lemon,No,48
Brooks-Nelson,Alexis Stevens,2022-03-10,Vanilla,No,62
Reyes Group,Glenda Dunn,2023-06-11,Lemon,No,46
Collins LLC,Misty Matthews,2024-06-06,Chocolate,Yes,46
"Thomas, Harmon and Williams",Lindsey Reynolds,2023-03-01,Lemon,No,2
"King, Castillo and Watts",Sandra Kelly,2022-02-02,Lemon,No,31
"Cox, Rodriguez and Jones",Phillip Porter,2021-05-13,Lemon,Yes,22
Holmes-Williams,Timothy Smith,2021-10-05,Vanilla,Yes,83
Mccoy-Patel,Jasmine Jones,2023-11-23,Chocolate,No,89
"Davis, Chandler and Robinson",Rhonda Horton,2020-11-25,Strawberry,Yes,35
Hunt PLC,Paul Rodgers,2024-03-04,Mint,No,26
Gray-Miller,Shelia Walsh,2022-05-22,Strawberry,Yes,10
Maldonado-Spears,Brian Griffin,2022-04-26,Chocolate,No,70
"Owens, Gomez and Robbins",Kelly Valdez,2024-04-06,Vanilla,Yes,25
"Brown, Snyder and Perez",William Acevedo,2022-02-13,Lemon,No,97
"Hunter, Torres and Carter",Christopher Burke,2020-07-26,Chocolate,Yes,1
Hernandez-Miller,Amanda Young,2023-04-18,Lemon,Yes,20
Alexander-Hobbs,Adam Vasquez,2020-11-06,Vanilla,No,65
Schmidt Group,William James,2022-04-11,Coconut,No,23
Mercado-Ferrell,Melissa Crawford,2022-09-10,Lemon,No,36
Dougherty Group,Gregory Boyd,2022-12-08,Vanilla,Yes,18
"Bartlett, Smith and Soto",Eric Turner,2021-09-27,Lemon,Yes,37
Williams Group,Barry Holt,2022-10-05,Coconut,No,1
Rivera-Walker,Monique Martinez,2024-01-22,Coconut,Yes,94
Herrera Inc,Vanessa Madden,2020-06-23,Strawberry,No,89
Guerrero PLC,Michelle White,2022-03-06,Lemon,Yes,89
"Dunlap, Smith and Richards",Sarah Knight,2022-01-17,Lemon,Yes,34
Archer and Sons,Kimberly Parks,2020-04-27,Lemon,No,11
Myers-Jordan,Robert Davis,2024-06-22,Lemon,Yes,27
Lopez Inc,Zachary Sherman,2020-07-12,Vanilla,No,70
"Williams, Rice and Greer",Jaime Hardy,2024-04-17,Coconut,No,32
Hernandez-Thompson,Julie Barrera,2020-05-28,Lemon,No,89
"Blair, Simpson and Jones",Brandy Anthony,2023-11-07,Coconut,Yes,38
Taylor LLC,Austin Brown,2024-01-19,Chocolate,No,17
"Obrien, Spears and Foster",Jesse Kane,2023-11-24,Lemon,Yes,21
Johnson Ltd,Wesley Evans,2023-04-19,Coconut,No,31
"Stout, Smith and Walters",Rachel Allison,2022-02-15,Coconut,Yes,35
"Guerrero, Acevedo and Levine",Dale Walker,2021-03-15,Vanilla,No,75
Wilson-Powell,Michael Mcdonald,2021-03-29,Coconut,No,45
"Joseph, Robertson and Lutz",Isaiah Bond,2023-01-20,Chocolate,Yes,62
Ryan-Simmons,Lance Meyers,2020-10-14,Strawberry,Yes,64
"Wolf, Hardy and Nicholson",Andrew Rangel,2021-01-23,Strawberry,No,46
"Stevenson, Brown and Gill",David Brennan,2023-11-17,Coconut,No,32
Wright-Holmes,Stephanie Ferrell,2022-03-19,Mint,Yes,68
Reynolds PLC,David Ellis,2022-02-22,Lemon,No,95
Jones-Harmon,Cynthia Soto,2022-03-15,Coconut,No,93
"Brown, Robinson and Harris",Heidi Boyle,2022-10-24,Chocolate,No,3
"Daniels, Wang and Ellison",Mr. Anthony Nielsen,2020-08-13,Strawberry,Yes,95
Williams-West,Nancy Cox,2023-12-08,Chocolate,Yes,30
Duncan PLC,Jared Rogers,2021-06-29,Lemon,Yes,24
Garcia-Wilkinson,Patrick Lane,2023-02-23,Mint,Yes,49
Bell-Kent,Colleen Moreno,2020-08-21,Coconut,No,61
Boone-Harper,Matthew Perry,2023-10-12,Strawberry,No,22
Mitchell and Sons,Kayla Parks,2021-03-03,Chocolate,Yes,92
White and Sons,Amy Blevins,2023-11-13,Lemon,No,58
Rice PLC,Rick Anderson,2023-01-14,Coconut,Yes,35
Gordon-Johnson,Christopher Ryan,2023-10-08,Strawberry,No,71
"Lee, Leblanc and Roth",Debra Price,2022-10-19,Strawberry,Yes,12
"Jones, Jones and Ochoa",Stephen Arnold,2024-01-15,Strawberry,Yes,56
Barton Ltd,Abigail Valencia,2021-09-15,Chocolate,Yes,12
Nixon Inc,Tammy Wheeler,2023-01-20,Coconut,No,16
"Myers, Robinson and Higgins",Edward Richmond,2022-04-05,Mint,Yes,61
Patterson PLC,Corey Dunn,2020-05-23,Mint,No,17
May PLC,Austin Mendez,2022-02-09,Mint,No,21
White-Edwards,Richard Hughes,2022-01-29,Lemon,No,7
Lara and Sons,Bethany Hall,2024-04-23,Strawberry,No,80
"Christensen, Shaw and Thomas",Tracy Bailey,2021-05-14,Mint,No,9
"Moreno, Miller and Johnson",Patrick Carter,2020-08-23,Chocolate,No,56
Franklin Group,Jason Rodriguez,2022-12-02,Chocolate,Yes,61
"Steele, Gibson and Rivera",Nicholas Fritz,2023-03-08,Vanilla,Yes,94
Hernandez-Oneal,Tyler Moore,2023-05-14,Mint,Yes,89
"Wallace, Mosley and Clarke",Denise Stanley,2024-01-22,Chocolate,Yes,54
Church Group,Laurie Chang,2021-04-03,Strawberry,Yes,42
Ray and Sons,Leroy Taylor,2021-11-15,Coconut,No,60
Bryant LLC,Casey Mendoza,2023-04-13,Coconut,Yes,39
"Young, Park and Martinez",William Kennedy,2020-03-09,Mint,No,69
Alexander-Davis,Kenneth Kelly,2022-01-01,Lemon,Yes,39
"Henson, Smith and Briggs",Steven Mercado,2021-01-31,Coconut,No,61
"Wade, Miller and Bowers",Jack Gallagher,2024-04-10,Chocolate,Yes,5
Lawrence-Marsh,Tina Cooper,2021-09-28,Coconut,Yes,44
Hunt-Kelly,Karen Fleming,2020-03-29,Vanilla,Yes,25
Hunter-Bass,Kylie Kelley,2022-10-14,Strawberry,No,71
Gonzalez Inc,Steve Moore,2021-07-14,Strawberry,No,13
Hampton PLC,Jacob Good,2024-04-02,Strawberry,Yes,11
"Burns, Gordon and Brown",Sara Byrd,2022-12-19,Mint,No,98
"Trujillo, Smith and Ramirez",Marc Smith,2021-10-12,Mint,Yes,99
"Salinas, Walker and Anderson",Kimberly Brown,2023-02-23,Chocolate,Yes,16
"Cunningham, Wilson and Raymond",Allison Gray,2021-03-22,Mint,No,13
Fry Inc,Heather Everett,2022-07-12,Chocolate,Yes,69
"Patel, Salazar and Mann",Gregory Lam,2023-01-15,Vanilla,Yes,19
Carter-Howard,Melissa Obrien,2020-03-22,Chocolate,Yes,69
"Gordon, Clark and Santiago",Erin Delacruz,2022-12-24,Mint,No,77
Hernandez Ltd,Dr. Gloria Brown DVM,2021-08-31,Chocolate,No,82
"Smith, Olson and Casey",Manuel Watson,2022-01-18,Lemon,No,85
Reed-Sosa,Scott Smith,2021-11-03,Strawberry,Yes,40
Wilson-Wells,Jessica Drake DVM,2023-11-29,Vanilla,Yes,21
Miller and Sons,Pamela Tran,2022-09-12,Mint,Yes,20
Hill Group,Nancy Morales,2022-02-10,Chocolate,No,33
"Smith, Johnson and Olson",Jennifer Williams,2023-10-07,Vanilla,Yes,76
Kim-Richardson,Christine White,2023-08-19,Strawberry,No,58
Riley PLC,Wendy Mcdonald,2021-12-09,Mint,Yes,12
"Mendoza, Marsh and Chan",Anna Smith,2020-02-27,Coconut,No,4
"West, Underwood and Oconnell",Dale Knight,2024-03-04,Coconut,Yes,24
"Davenport, Booth and Walsh",Shannon Bush,2022-03-27,Mint,No,97
Clark Ltd,Nicole Palmer,2021-10-30,Vanilla,No,45
Parker-Hampton,Gwendolyn Romero,2023-09-01,Mint,No,78
"White, Dalton and Mosley",Paul Erickson,2023-08-07,Vanilla,No,12
"Osborn, Johns and Crawford",Brian Garcia,2021-02-01,Strawberry,Yes,33
Bishop LLC,Evan Taylor,2020-09-08,Lemon,No,90
"Ferguson, Banks and Durham",Danielle Rodriguez,2021-12-29,Mint,No,52
Waters Ltd,Eric Lara,2022-12-10,Lemon,Yes,81
"Andrews, Patrick and Owens",John Fox,2022-04-12,Coconut,No,36
"Logan, Byrd and Farmer",Patricia Ortiz,2021-04-13,Chocolate,No,28
"Meza, Johnston and Griffin",Grace Hendricks,2023-03-22,Coconut,No,52
Johnson and Sons,Michaela Wolfe,2020-01-11,Vanilla,No,12
"Miller, Burke and Cruz",Jeremy Kelly,2023-04-08,Chocolate,Yes,67
"Wood, Lopez and Boyer",Victor Estes,2020-09-14,Coconut,No,51
Santos-Butler,Scott Cortez,2020-06-04,Vanilla,Yes,6
Schmitt PLC,Victor Tyler,2024-02-19,Coconut,Yes,34
Johnson PLC,Amber Smith,2020-04-11,Chocolate,No,65
Page Ltd,Michael Washington,2022-02-07,Vanilla,No,98
"Smith, Nicholson and Sharp",Karen Wells,2023-04-09,Vanilla,No,56
Bailey-Neal,Patricia Miller,2021-02-27,Strawberry,No,97
York Group,Danielle Levy,2022-01-08,Vanilla,Yes,45
Taylor-Decker,Brittany Wilson,2024-01-14,Mint,Yes,82
Ford-Beck,John Johnson,2023-05-14,Chocolate,Yes,67
Carter-Hernandez,Kevin Morris,2022-03-09,Coconut,No,80
"Peterson, Gilbert and Salazar",Stephen Lane,2020-02-28,Vanilla,No,43
"Pitts, Hughes and Davis",Sherry Mcpherson,2022-02-27,Vanilla,No,70
Allen-Combs,Aaron Reed,2021-07-18,Mint,No,48
Kelly and Sons,Scott Howard,2023-10-18,Strawberry,No,57
Stephenson LLC,James Young,2024-05-24,Vanilla,No,63
"Keith, Oconnor and Smith",Jonathan Dominguez,2023-01-15,Strawberry,No,45
Bruce-Campos,Kathryn Russell,2021-08-11,Coconut,No,30
White and Sons,Chelsea Ford,2023-09-22,Vanilla,No,40
"Parrish, Sharp and Mcbride",Anthony Pierce,2024-05-13,Strawberry,Yes,65
Beasley-Sandoval,Keith Gonzales,2022-04-09,Lemon,Yes,84
"Martin, Harris and Fowler",Katherine Lindsey,2023-04-15,Lemon,No,49
"Ingram, Jones and Watts",Shawn Dunn DDS,2020-04-09,Coconut,No,92
Miller-George,Courtney Robinson,2023-05-16,Strawberry,Yes,88
Craig-Jones,Christopher Collins,2023-09-16,Chocolate,Yes,93
Holder LLC,Amber Holmes,2021-09-06,Chocolate,No,32
"Burnett, Fisher and Floyd",Bryan Davis,2020-12-27,Lemon,No,48
"Hart, Sullivan and Scott",Darren Romero,2021-02-19,Mint,No,21
Donaldson-Cole,Jennifer Gallagher,2021-01-20,Strawberry,No,72
"Carroll, Krueger and Smith",Debra Pratt,2020-12-10,Vanilla,Yes,76
Jones-Russell,Jesus Hammond,2022-02-17,Mint,No,86
Diaz-Sandoval,Dr. Jerry Huber,2020-12-07,Lemon,Yes,70
"Anderson, Wilson and Johnson",Casey Robbins,2020-01-19,Lemon,No,51
"Lambert, Harris and Gregory",Patrick Robles,2021-07-28,Coconut,Yes,29
"Kirby, Morales and Mccormick",Shawn Flores,2023-03-21,Vanilla,No,28
"Morrow, Fuller and Munoz",Lindsay Wilson,2021-10-04,Mint,Yes,100
"Weber, Ward and Peters",Paul Scott,2023-12-31,Lemon,No,34
Jackson Group,Kayla Cline,2022-10-25,Mint,Yes,30
"Hernandez, Ramirez and Gibson",Veronica Fox,2024-04-29,Coconut,Yes,3
"Dunn, Black and Morales",Amy Griffith,2024-01-24,Strawberry,Yes,10
"Jackson, Webster and Thompson",Eric Downs,2020-10-11,Chocolate,Yes,75
"Gill, Sharp and Smith",Hannah Blanchard,2022-04-02,Chocolate,Yes,2
Wright PLC,Andrew Cantrell,2020-06-15,Vanilla,No,1
Carrillo Group,Michael Luna,2023-01-04,Coconut,Yes,69
"Stone, Cantrell and Terry",Natalie Mejia,2024-01-31,Vanilla,No,9
Stevenson PLC,Kenneth Contreras,2020-12-19,Mint,Yes,8
Cunningham and Sons,John Dennis,2021-02-24,Mint,No,35
Allen Ltd,Scott Bryant,2022-12-16,Chocolate,Yes,16
Evans Inc,Bradley Adams,2022-11-08,Chocolate,Yes,26
"Williams, Savage and Ramsey",Monique Carter,2020-10-02,Coconut,No,58
"James, Chavez and Gutierrez",Jennifer Baker DDS,2020-01-13,Coconut,Yes,79
Johnson-Evans,James Potts,2023-05-23,Lemon,Yes,65
"Woods, Carter and White",Tammy Diaz,2022-08-06,Vanilla,No,47
Stevenson-Hill,Cassandra Munoz,2024-05-25,Coconut,No,87
Romero and Sons,Donna Montgomery,2020-08-26,Vanilla,Yes,85
Jackson and Sons,Mallory Scott,2020-05-25,Strawberry,Yes,35
Gonzalez-Peterson,Jodi Mills,2024-05-14,Chocolate,No,57
Perkins-Freeman,Jeremy Chavez MD,2020-12-01,Vanilla,No,37
Murphy-Petersen,Cody Smith,2020-03-17,Coconut,Yes,58
Gutierrez Inc,Robert Bean,2020-12-17,Strawberry,No,19
"Moore, Rodriguez and Peterson",Mr. Scott Simpson,2020-11-18,Lemon,Yes,95
"Jones, Whitehead and Ware",Jessica Davis,2021-07-17,Lemon,No,56
Sanchez-Hendricks,Thomas Hall,2022-04-05,Coconut,Yes,60
"Sharp, Hudson and Conner",Abigail Thomas,2022-08-03,Lemon,Yes,84
Rodgers-Gutierrez,Mr. Jonathan Ali DVM,2023-07-02,Vanilla,Yes,7
Davis LLC,Melissa Ferguson,2020-10-01,Lemon,Yes,21
Young-Harper,Thomas Johnson,2020-10-17,Vanilla,Yes,63
"Wolfe, Herrera and Wright",Sarah Trevino,2021-06-21,Chocolate,No,81
"Knight, Williams and Murphy",Andrew King,2024-05-15,Vanilla,No,7
Anderson-Hansen,Robert Baker,2023-02-18,Chocolate,Yes,94
Hutchinson and Sons,Stephanie Page,2023-11-12,Lemon,No,97
"Boone, Palmer and Weber",Melissa Taylor,2021-11-22,Lemon,No,98
Smith PLC,Shane Marks,2023-11-14,Lemon,Yes,91
"Mack, Wallace and Walker",Russell Schmidt,2023-08-01,Coconut,Yes,62
"Orozco, Boyd and Becker",John Haynes,2021-04-21,Vanilla,No,30
Brown Group,Theresa Reynolds,2021-04-22,Chocolate,Yes,87
"Davis, Hamilton and Watson",Michael Newton,2022-02-08,Lemon,Yes,18
"Hayes, Clark and Ramos",William Romero,2023-09-26,Coconut,No,17
Dixon LLC,Jessica Murphy,2023-09-20,Strawberry,No,58
"Sloan, Medina and Moreno",Kevin Smith,2020-06-26,Lemon,No,77
"Green, Waters and Black",William Morales,2021-08-27,Strawberry,Yes,21
Thomas-Bartlett,Luke Woods,2021-06-12,Strawberry,Yes,79
"Rios, Durham and Calderon",Elizabeth Maldonado,2022-09-27,Strawberry,Yes,22
Hardy-Brown,Charles Mitchell,2023-07-29,Strawberry,No,25
"Haynes, Reynolds and Garza",Mark Martinez,2024-05-13,Vanilla,No,72
"Miller, Lawson and Morton",Frank Ritter,2020-07-02,Coconut,Yes,76
Odonnell-Mcbride,Angela Walton,2022-05-15,Vanilla,Yes,45
Sanchez-Walker,Kelly Carpenter,2020-06-30,Lemon,No,26
Rogers-Colon,Danielle Ingram,2021-06-29,Lemon,Yes,32
Green Inc,David Johnson,2022-12-03,Vanilla,Yes,98
Leach LLC,Robert Doyle,2020-11-05,Strawberry,Yes,34
Doyle-Ponce,James Thompson,2022-04-23,Coconut,Yes,45
"Zamora, Thompson and Jones",Mario Smith,2021-01-05,Coconut,Yes,35
Edwards Group,Rhonda Dawson,2024-06-23,Strawberry,No,14
"Davies, Hernandez and Davis",Douglas Hudson,2023-08-28,Lemon,Yes,57
Gonzalez Inc,William Buchanan,2021-05-05,Strawberry,No,92
"Haynes, Russell and Roberts",Melinda Spencer,2021-11-12,Chocolate,Yes,36
Reese-Hines,Steven Bell,2024-01-05,Chocolate,No,82
Kline PLC,Kevin Porter,2021-09-25,Lemon,Yes,84
"Nelson, Stephens and Hamilton",Christina White,2021-07-27,Mint,No,3
Lee-Valentine,Stephen Rodriguez,2022-07-27,Mint,Yes,68
"Mcbride, Hendrix and Hernandez",Michelle Wilcox,2024-06-22,Lemon,Yes,3
Brown and Sons,Megan Hernandez,2020-02-20,Vanilla,Yes,81
Schultz-Lopez,Barbara Martin,2023-02-07,Mint,No,42
Palmer-Jordan,Stephanie Herrera,2024-01-05,Vanilla,No,49
Lynch Inc,April Stewart,2023-01-01,Lemon,No,62
Riley and Sons,Tanya Ruiz,2023-11-17,Lemon,Yes,34
Smith Inc,Christopher Robles,2024-02-18,Chocolate,No,18
